<?xml version="1.0" encoding="utf-8" ?>
<dwsync>
<file name="splash_bkgnd_patter.jpg" server="studentweb.pti.edu" local="130941625840000000" remote="130947504600000000" Dst="1" />
<file name="end_zone.jpg" server="studentweb.pti.edu" local="130941625840000000" remote="130947504600000000" Dst="1" />
<file name="player.gif" server="studentweb.pti.edu" local="130941625840000000" remote="130947504600000000" Dst="1" />
<file name="lower_field.jpg" server="studentweb.pti.edu" local="130947438727851568" remote="130947504600000000" Dst="1" />
<file name="defender.png" server="studentweb.pti.edu" local="130941466163398432" remote="130947504600000000" Dst="1" />
<file name="enemy.png" server="studentweb.pti.edu" local="130941625840000000" remote="130947504600000000" Dst="1" />
<file name="field.gif" server="studentweb.pti.edu" local="130941625840000000" remote="130947504600000000" Dst="1" />
<file name="scoreboard.gif" server="studentweb.pti.edu" local="130941625840000000" remote="130947504600000000" Dst="1" />
<file name="tackled.gif" server="studentweb.pti.edu" local="130945922538752566" remote="130947504600000000" Dst="1" />
<file name="tackled.jpg" server="studentweb.pti.edu" local="130945888328713614" remote="130947504600000000" Dst="1" />
<file name="tackled.png" server="studentweb.pti.edu" local="130945923066445312" remote="130947504600000000" Dst="1" />
<file name="touchdown.png" server="studentweb.pti.edu" local="130947447376171872" remote="130947504600000000" Dst="1" />
</dwsync>